{
    "swagger": "2.0",
    "info": {
        "description": "A Attendance management service API in Go using Gin framework.",
        "title": "Attendance API",
        "termsOfService": "https://wokdev.com",
        "contact": {
            "name": "Dewok satria",
            "url": "https://twitter.com/dewok_satria",
            "email": "dewa.ketut.satriawan@gmail.com"
        },
        "license": {
            "name": "Apache 2.0",
            "url": "http://www.apache.org/licenses/LICENSE-2.0.html"
        },
        "version": "1.0"
    },
    "host": "localhost:3000",
    "basePath": "/v1",
    "paths": {
        "/auth/login": {
            "post": {
                "description": "Login User",
                "consumes": [
                    "application/json"
                ],
                "tags": [
                    "Auth"
                ],
                "summary": "Login user with username and password",
                "parameters": [
                    {
                        "description": "Login Data",
                        "name": "data",
                        "in": "body",
                        "required": true,
                        "schema": {
                            "$ref": "#/definitions/model.Login"
                        }
                    }
                ],
                "responses": {
                    "200": {
                        "description": "OK",
                        "schema": {
                            "$ref": "#/definitions/model.Response"
                        }
                    },
                    "400": {
                        "description": "Bad Request",
                        "schema": {
                            "$ref": "#/definitions/model.Response"
                        }
                    },
                    "500": {
                        "description": "Internal Server Error",
                        "schema": {
                            "$ref": "#/definitions/model.Response"
                        }
                    }
                }
            }
        },
        "/auth/refresh": {
            "post": {
                "description": "Get New Access Token",
                "consumes": [
                    "application/json"
                ],
                "tags": [
                    "Auth"
                ],
                "summary": "Get New Access Token using refresh token",
                "parameters": [
                    {
                        "description": "Refresh Data",
                        "name": "data",
                        "in": "body",
                        "required": true,
                        "schema": {
                            "$ref": "#/definitions/model.Refresh"
                        }
                    }
                ],
                "responses": {
                    "200": {
                        "description": "OK",
                        "schema": {
                            "$ref": "#/definitions/model.Response"
                        }
                    },
                    "400": {
                        "description": "Bad Request",
                        "schema": {
                            "$ref": "#/definitions/model.Response"
                        }
                    },
                    "500": {
                        "description": "Internal Server Error",
                        "schema": {
                            "$ref": "#/definitions/model.Response"
                        }
                    }
                }
            }
        },
        "/auth/register": {
            "post": {
                "description": "Create new user",
                "consumes": [
                    "application/json"
                ],
                "tags": [
                    "Auth"
                ],
                "summary": "Create new user based on paramters",
                "parameters": [
                    {
                        "description": "User Data",
                        "name": "user",
                        "in": "body",
                        "required": true,
                        "schema": {
                            "$ref": "#/definitions/model.UserForm"
                        }
                    }
                ],
                "responses": {
                    "200": {
                        "description": "OK",
                        "schema": {
                            "$ref": "#/definitions/model.Response"
                        }
                    },
                    "400": {
                        "description": "Bad Request",
                        "schema": {
                            "$ref": "#/definitions/model.Response"
                        }
                    },
                    "500": {
                        "description": "Internal Server Error",
                        "schema": {
                            "$ref": "#/definitions/model.Response"
                        }
                    }
                }
            }
        }
    },
    "definitions": {
        "model.Login": {
            "type": "object",
            "properties": {
                "password": {
                    "type": "string"
                },
                "username": {
                    "type": "string"
                }
            }
        },
        "model.Refresh": {
            "type": "object",
            "properties": {
                "refresh_token": {
                    "type": "string"
                }
            }
        },
        "model.Response": {
            "type": "object",
            "properties": {
                "code": {
                    "type": "integer"
                },
                "message": {
                    "type": "string"
                }
            }
        },
        "model.UserForm": {
            "type": "object",
            "properties": {
                "email": {
                    "type": "string"
                },
                "first_name": {
                    "type": "string"
                },
                "handphone": {
                    "type": "string"
                },
                "intro": {
                    "type": "string"
                },
                "last_name": {
                    "type": "string"
                },
                "password": {
                    "type": "string"
                },
                "profile": {
                    "type": "string"
                },
                "username": {
                    "type": "string"
                }
            }
        }
    }
}